{
  "name": "User",
  "sections": [
    {
      "name": "Claim Details",
      "class": "",
      "rows": [
        {
          "fields": [
            {
              "displayName": "Policy Name",
              "fieldName": "policy_number",
              "type": "text",
              "colSize": "col-4",
              "class": "",
              "placeholder": "",
              "validators": {
                "10": 10
              },
              "options": []
            },
            {
              "displayName": "Claim Number",
              "fieldName": "claim_number",
              "type": "text",
              "colSize": "col-4",
              "class": "",
              "placeholder": "",
              "options": []
            },
            {
              "displayName": "Date of Loss",
              "fieldName": "loss_date",
              "type": "date",
              "colSize": "col-4",
              "class": "",
              "placeholder": "",
              "options": []
            }
          ]
        },
        {
          "fields": [
            {
              "displayName": "Claim type",
              "fieldName": "claim_type",
              "type": "select",
              "colSize": "col-4",
              "class": "",
              "placeholder": "",
              "options": [
                {
                  "key": "abc",
                  "value": "Abc"
                }
              ]
            },
            {
              "displayName": "Insured Name",
              "fieldName": "insured_name",
              "type": "text",
              "colSize": "col-4",
              "class": "",
              "placeholder": "",
              "options": []
            },
            {
              "displayName": "Claim Queue",
              "fieldName": "claim_queue",
              "type": "select",
              "colSize": "col-4",
              "class": "",
              "placeholder": "",
              "options": [
                {
                  "key": "open",
                  "value": "Open"
                },
                {
                  "key": "reopen",
                  "value": "Reopen"
                },
                {
                  "key": "closed",
                  "value": "Closed"
                }
              ]
            }
          ]
        },
        {
          "fields": [
            {
              "displayName": "Effective Date",
              "fieldName": "effective_date",
              "type": "date",
              "colSize": "col-4",
              "class": "",
              "placeholder": "",
              "options": []
            },
            {
              "displayName": "Claim Status",
              "fieldName": "claim_status",
              "type": "select",
              "colSize": "col-4",
              "class": "",
              "placeholder": "",
              "options": [
                {
                  "key": "open",
                  "value": "Open"
                },
                {
                  "key": "reopen",
                  "value": "Reopen"
                },
                {
                  "key": "closed",
                  "value": "Closed"
                }
              ]
            },
            {
              "displayName": "Agency Name",
              "fieldName": "agency_name",
              "type": "text",
              "colSize": "col-4",
              "class": "",
              "placeholder": "",
              "options": []
            }
          ]
        },
        {
          "fields": [
            {
              "displayName": "Queue Assigned To",
              "fieldName": "queue_assigned_to",
              "type": "select",
              "colSize": "col-4",
              "class": "",
              "placeholder": "",
              "options": [
                {
                  "key": "open",
                  "value": "Open"
                },
                {
                  "key": "reopen",
                  "value": "Reopen"
                },
                {
                  "key": "closed",
                  "value": "Closed"
                }
              ]
            },
            {
              "displayName": "Insured Email",
              "fieldName": "insured_email",
              "type": "text",
              "colSize": "col-4",
              "class": "",
              "placeholder": "",
              "options": []
            },
            {
              "displayName": "Cause of Loss",
              "fieldName": "cause_of_loss",
              "type": "select",
              "colSize": "col-4",
              "class": "",
              "placeholder": "",
              "options": [
                {
                  "key": "fire",
                  "value": "Fire"
                },
                {
                  "key": "accident",
                  "value": "Acciednt"
                },
                {
                  "key": "theft",
                  "value": "Theft"
                }
              ]
            }
          ]
        },
        {
          "fields": [
            {
              "displayName": "Phone Number",
              "fieldName": "phone_number",
              "type": "text",
              "colSize": "col-4",
              "class": "",
              "placeholder": "",
              "options": []
            },
            {
              "displayName": "Quote Number",
              "fieldName": "quote_number",
              "type": "text",
              "colSize": "col-4",
              "class": "",
              "placeholder": "",
              "options": []
            },
            {
              "displayName": "Policy Status",
              "fieldName": "policy_status",
              "type": "text",
              "colSize": "col-4",
              "class": "",
              "placeholder": "",
              "options": []
            }
          ]
        },
        {
          "fields": [
            {
              "displayName": "MC Number",
              "fieldName": "mc_number",
              "type": "text",
              "colSize": "col-4",
              "class": "",
              "placeholder": "",
              "options": []
            },
            {
              "displayName": "Risk Company",
              "fieldName": "risk_company",
              "type": "text",
              "colSize": "col-4",
              "class": "",
              "placeholder": "",
              "options": []
            },
            {
              "displayName": "Dot Number",
              "fieldName": "dot_number",
              "type": "text",
              "colSize": "col-4",
              "class": "",
              "placeholder": "",
              "options": []
            }
          ]
        },
        {
          "fields": [
            {
              "displayName": "Coverage Type",
              "fieldName": "coverage_type",
              "type": "select",
              "colSize": "col-4",
              "class": "",
              "placeholder": "",
              "options": [
                {
                  "key": "open",
                  "value": "Open"
                },
                {
                  "key": "reopen",
                  "value": "Reopen"
                },
                {
                  "key": "closed",
                  "value": "Closed"
                }
              ]
            },
            {
              "displayName": "Policy Limit Demand Made",
              "fieldName": "policy_limit_demand_made",
              "type": "text",
              "colSize": "col-4",
              "class": "",
              "placeholder": "",
              "options": []
            },
            {
              "displayName": "Contact Name",
              "fieldName": "contact_name",
              "type": "text",
              "colSize": "col-4",
              "class": "",
              "placeholder": ""
            }
          ]
        }
      ]
    },
    {
      "name": "Accident Details",
      "class": "",
      "rows": [
        {
          "fields": [
            {
              "displayName": "Accident Address",
              "fieldName": "accident_address",
              "type": "text",
              "colSize": "col-4",
              "class": "",
              "placeholder": "",
              "validators": {
                "10": 10
              },
              "options": []
            },
            {
              "displayName": "Accident City",
              "fieldName": "city",
              "type": "text",
              "colSize": "col-4",
              "class": "",
              "placeholder": "",
              "options": []
            },
            {
              "displayName": "Accident Zip",
              "fieldName": "accident_zip",
              "type": "text",
              "colSize": "col-4",
              "class": "",
              "placeholder": "",
              "options": []
            }
          ]
        },
        {
          "fields": [
            {
              "displayName": "Basic Reason",
              "fieldName": "basic_reason",
              "type": "text",
              "colSize": "col-4",
              "class": "",
              "placeholder": ""
            },
            {
              "displayName": "Adjuster",
              "fieldName": "adjuster",
              "type": "text",
              "colSize": "col-4",
              "class": "",
              "placeholder": ""
            },
            {
              "displayName": "Supervisor",
              "fieldName": "supervisor",
              "type": "text",
              "colSize": "col-4",
              "class": "",
              "placeholder": ""
            }
          ]
        },
        {
          "fields": [
            {
              "displayName": "Is Police Report Available?",
              "fieldName": "agency_name",
              "type": "toggle",
              "colSize": "col-4",
              "class": "",
              "placeholder": "",
              "options": [
                {
                  "key": "reopen",
                  "value": "Reopen"
                },
                {
                  "key": "closed",
                  "value": "Closed"
                }
              ]
            },
            {
              "displayName": "SIU Referral",
              "fieldName": "siu_referral",
              "type": "toggle",
              "colSize": "col-4",
              "class": "",
              "placeholder": "",
              "options": [
                {
                  "key": "true",
                  "value": "Yes"
                },
                {
                  "key": "no",
                  "value": "No"
                }
              ]
            },
            {
              "displayName": "Same Day Contact",
              "fieldName": "same_day_contact",
              "type": "toggle",
              "colSize": "col-4",
              "class": "",
              "placeholder": "",
              "options": [
                {
                  "key": "true",
                  "value": "Yes"
                },
                {
                  "key": "no",
                  "value": "No"
                }
              ]
            }
          ]
        },
        {
          "fields": [
            {
              "displayName": "Direct Action Against Carrier",
              "fieldName": "direct_action_against_carrier",
              "type": "toggle",
              "colSize": "col-4",
              "class": "",
              "placeholder": "",
              "options": [
                {
                  "key": "true",
                  "value": "Yes"
                },
                {
                  "key": "no",
                  "value": "No"
                }
              ]
            },
            {
              "displayName": "Does policy has MCS90 form?",
              "fieldName": "large_loss_report_due",
              "type": "toggle",
              "colSize": "col-4",
              "class": "",
              "placeholder": "",
              "options": [
                {
                  "key": "yes",
                  "value": "Yes"
                },
                {
                  "key": "no",
                  "value": "No"
                }
              ]
            },
            {
              "displayName": "Is Contact Made",
              "fieldName": "is_contact_made",
              "type": "toggle",
              "colSize": "col-4",
              "class": "",
              "placeholder": "",
              "options": [
                {
                  "key": "yes",
                  "value": "Yes"
                },
                {
                  "key": "no",
                  "value": "No"
                }
              ]
            }
          ]
        },
        {
          "fields": [
            {
              "displayName": "Excess Letter Sent",
              "fieldName": "excess_letter_sent",
              "type": "toggle",
              "colSize": "col-4",
              "class": "",
              "placeholder": "",
              "options": [
                {
                  "key": "yes",
                  "value": "Yes"
                },
                {
                  "key": "no",
                  "value": "No"
                }
              ]
            },
            {
              "displayName": "Large Loss Report",
              "fieldName": "large_loss_report",
              "type": "toggle",
              "colSize": "col-4",
              "class": "",
              "placeholder": "",
              "options": [
                {
                  "key": "yes",
                  "value": "Yes"
                },
                {
                  "key": "no",
                  "value": "No"
                }
              ]
            },
            {
              "displayName": "Large Loss Report Sent",
              "fieldName": "large_loss_report_due",
              "type": "toggle",
              "colSize": "col-4",
              "class": "",
              "placeholder": "",
              "options": [
                {
                  "key": "yes",
                  "value": "Yes"
                },
                {
                  "key": "no",
                  "value": "No"
                }
              ]
            }
          ]
        }
      ]
    },
    {
      "name": "Claim Dates",
      "class": "",
      "rows": [
        {
          "fields": [
            {
              "displayName": "Date Closed",
              "fieldName": "date_closed",
              "type": "date",
              "colSize": "col-4",
              "class": "",
              "placeholder": "",
              "validators": {
                "10": 10
              },
              "options": []
            },
            {
              "displayName": "Expiration Date",
              "fieldName": "expiration_date",
              "type": "date",
              "colSize": "col-4",
              "class": "",
              "placeholder": "",
              "options": []
            },
            {
              "displayName": "Closed Reason",
              "fieldName": "closed_reason",
              "type": "select",
              "colSize": "col-4",
              "class": "",
              "placeholder": "",
              "options": []
            }
          ]
        },
        {
          "fields": [
            {
              "displayName": "Cancellation Date",
              "fieldName": "cancellation_date",
              "type": "date",
              "colSize": "col-4",
              "class": "",
              "placeholder": ""
            },
            {
              "displayName": "Date Reopened",
              "fieldName": "date_reopened",
              "type": "date",
              "colSize": "col-4",
              "class": "",
              "placeholder": ""
            },
            {
              "displayName": "Date Open",
              "fieldName": "date_open",
              "type": "date",
              "colSize": "col-4",
              "class": "",
              "placeholder": ""
            }
          ]
        },
        {
          "fields": [
            {
              "displayName": "Reopened Reason",
              "fieldName": "reopen_reason",
              "type": "text",
              "colSize": "col-4",
              "class": "",
              "placeholder": ""
            },
            {
              "displayName": "Date Reported",
              "fieldName": "date_reopened",
              "type": "date",
              "colSize": "col-4",
              "class": "",
              "placeholder": "",
              "options": [
                {
                  "key": "true",
                  "value": "Yes"
                },
                {
                  "key": "no",
                  "value": "No"
                }
              ]
            },
            {
              "displayName": "Reported By",
              "fieldName": "reported_by",
              "type": "select",
              "colSize": "col-4",
              "class": "",
              "placeholder": "",
              "options": [
                {
                  "key": "true",
                  "value": "Yes"
                },
                {
                  "key": "no",
                  "value": "No"
                }
              ]
            }
          ]
        }
      ]
    }
  ]
}
