{
  "name": "User",
  "sections": [
    {
      "name": "Driver Information",
      "class": "",
      "rows": [
        {
          "fields": [
            {
              "displayName": "Driver Name",
              "fieldName": "driver_name",
              "type": "text",
              "colSize": "col-4",
              "class": "",
              "placeholder": ""
            },
            {
              "displayName": "Date Of Hire",
              "fieldName": "date_of_hire",
              "type": "text",
              "colSize": "col-4",
              "class": "",
              "placeholder": ""
            },
            {
              "displayName": "Date Of Birth",
              "fieldName": "date_of_birth",
              "type": "date",
              "colSize": "col-4",
              "class": "",
              "placeholder": ""
            }
          ]
        },
        {
          "fields": [
            {
              "displayName": "DL",
              "fieldName": "dl",
              "type": "text",
              "colSize": "col-4",
              "class": ""
            },
            {
              "displayName": "Contact Number",
              "fieldName": "contact_number",
              "type": "text",
              "colSize": "col-4",
              "class": ""
            },
            {
              "displayName": "DL State",
              "fieldName": "dl_state",
              "type": "text",
              "colSize": "col-4",
              "class": "",
              "placeholder": ""
            }
          ]
        }
      ]
    },
    {
      "name": "Vehicle Information",
      "class": "",
      "rows": [
        {
          "fields": [
            {
              "displayName": "Vehicle Vin",
              "fieldName": "vehicle_vin",
              "type": "text",
              "colSize": "col-4",
              "class": "",
              "placeholder": ""
            },
            {
              "displayName": "Plate Number",
              "fieldName": "plate_number",
              "type": "text",
              "colSize": "col-4",
              "class": "",
              "placeholder": ""
            },
            {
              "displayName": "Vehicle Year",
              "fieldName": "vehicle_year",
              "type": "text",
              "colSize": "col-4",
              "class": "",
              "placeholder": ""
            }
          ]
        },
        {
          "fields": [
            {
              "displayName": "Damage",
              "fieldName": "damage",
              "type": "text",
              "colSize": "col-4",
              "class": "",
              "placeholder": ""
            },
            {
              "displayName": "Vehicle Make",
              "fieldName": "vehicle_make",
              "type": "text",
              "colSize": "col-4",
              "class": "",
              "placeholder": ""
            },
            {
              "displayName": "Loc Address",
              "fieldName": "loc_address",
              "type": "text",
              "colSize": "col-4",
              "class": "",
              "placeholder": ""
            }
          ]
        },
        {
          "fields": [
            {
              "displayName": "Trailer Year",
              "fieldName": "trailer_year",
              "type": "text",
              "colSize": "col-4",
              "class": "",
              "placeholder": ""
            },
            {
              "displayName": "Trailer Vin",
              "fieldName": "trailer_vin",
              "type": "text",
              "colSize": "col-4",
              "class": "",
              "placeholder": ""
            },
            {
              "displayName": "Trailer Make",
              "fieldName": "trailer_make",
              "type": "text",
              "colSize": "col-4",
              "class": "",
              "placeholder": ""
            }
          ]
        }
      ]
    }
  ]
}
